{"frames":{"box.png":{"frame":{"x":0,"y":0,"w":16,"h":16},"spriteSourceSize":{"x":0,"y":0,"w":16,"h":16},"sourceSize":{"w":16,"h":16}},"cell.png":{"frame":{"x":16,"y":0,"w":16,"h":16},"spriteSourceSize":{"x":0,"y":0,"w":16,"h":16},"sourceSize":{"w":16,"h":16}},"cop_b_0.png":{"frame":{"x":32,"y":0,"w":16,"h":16},"spriteSourceSize":{"x":0,"y":0,"w":16,"h":16},"sourceSize":{"w":16,"h":16}},"cop_b_1.png":{"frame":{"x":48,"y":0,"w":16,"h":16},"spriteSourceSize":{"x":0,"y":0,"w":16,"h":16},"sourceSize":{"w":16,"h":16}},"cop_b_2.png":{"frame":{"x":32,"y":0,"w":16,"h":16},"spriteSourceSize":{"x":0,"y":0,"w":16,"h":16},"sourceSize":{"w":16,"h":16}},"cop_b_3.png":{"frame":{"x":64,"y":0,"w":16,"h":16},"spriteSourceSize":{"x":0,"y":0,"w":16,"h":16},"sourceSize":{"w":16,"h":16}},"cop_f_12.png":{"frame":{"x":80,"y":0,"w":16,"h":16},"spriteSourceSize":{"x":0,"y":0,"w":16,"h":16},"sourceSize":{"w":16,"h":16}},"cop_f_13.png":{"frame":{"x":96,"y":0,"w":16,"h":16},"spriteSourceSize":{"x":0,"y":0,"w":16,"h":16},"sourceSize":{"w":16,"h":16}},"cop_f_14.png":{"frame":{"x":112,"y":0,"w":16,"h":16},"spriteSourceSize":{"x":0,"y":0,"w":16,"h":16},"sourceSize":{"w":16,"h":16}},"cop_f_15.png":{"frame":{"x":128,"y":0,"w":16,"h":16},"spriteSourceSize":{"x":0,"y":0,"w":16,"h":16},"sourceSize":{"w":16,"h":16}},"cop_l_8.png":{"frame":{"x":144,"y":0,"w":16,"h":16},"spriteSourceSize":{"x":0,"y":0,"w":16,"h":16},"sourceSize":{"w":16,"h":16}},"cop_l_9.png":{"frame":{"x":160,"y":0,"w":16,"h":16},"spriteSourceSize":{"x":0,"y":0,"w":16,"h":16},"sourceSize":{"w":16,"h":16}},"cop_l_10.png":{"frame":{"x":176,"y":0,"w":16,"h":16},"spriteSourceSize":{"x":0,"y":0,"w":16,"h":16},"sourceSize":{"w":16,"h":16}},"cop_l_11.png":{"frame":{"x":192,"y":0,"w":16,"h":16},"spriteSourceSize":{"x":0,"y":0,"w":16,"h":16},"sourceSize":{"w":16,"h":16}},"cop_r_4.png":{"frame":{"x":208,"y":0,"w":16,"h":16},"spriteSourceSize":{"x":0,"y":0,"w":16,"h":16},"sourceSize":{"w":16,"h":16}},"cop_r_5.png":{"frame":{"x":224,"y":0,"w":16,"h":16},"spriteSourceSize":{"x":0,"y":0,"w":16,"h":16},"sourceSize":{"w":16,"h":16}},"cop_r_6.png":{"frame":{"x":208,"y":0,"w":16,"h":16},"spriteSourceSize":{"x":0,"y":0,"w":16,"h":16},"sourceSize":{"w":16,"h":16}},"cop_r_7.png":{"frame":{"x":240,"y":0,"w":16,"h":16},"spriteSourceSize":{"x":0,"y":0,"w":16,"h":16},"sourceSize":{"w":16,"h":16}},"key.png":{"frame":{"x":256,"y":0,"w":16,"h":16},"spriteSourceSize":{"x":0,"y":0,"w":16,"h":16},"sourceSize":{"w":16,"h":16}},"player_b_0.png":{"frame":{"x":272,"y":0,"w":16,"h":16},"spriteSourceSize":{"x":0,"y":0,"w":16,"h":16},"sourceSize":{"w":16,"h":16}},"player_b_1.png":{"frame":{"x":288,"y":0,"w":16,"h":16},"spriteSourceSize":{"x":0,"y":0,"w":16,"h":16},"sourceSize":{"w":16,"h":16}},"player_b_2.png":{"frame":{"x":272,"y":0,"w":16,"h":16},"spriteSourceSize":{"x":0,"y":0,"w":16,"h":16},"sourceSize":{"w":16,"h":16}},"player_b_3.png":{"frame":{"x":304,"y":0,"w":16,"h":16},"spriteSourceSize":{"x":0,"y":0,"w":16,"h":16},"sourceSize":{"w":16,"h":16}},"player_f_12.png":{"frame":{"x":320,"y":0,"w":16,"h":16},"spriteSourceSize":{"x":0,"y":0,"w":16,"h":16},"sourceSize":{"w":16,"h":16}},"player_f_13.png":{"frame":{"x":336,"y":0,"w":16,"h":16},"spriteSourceSize":{"x":0,"y":0,"w":16,"h":16},"sourceSize":{"w":16,"h":16}},"player_f_14.png":{"frame":{"x":320,"y":0,"w":16,"h":16},"spriteSourceSize":{"x":0,"y":0,"w":16,"h":16},"sourceSize":{"w":16,"h":16}},"player_f_15.png":{"frame":{"x":352,"y":0,"w":16,"h":16},"spriteSourceSize":{"x":0,"y":0,"w":16,"h":16},"sourceSize":{"w":16,"h":16}},"player_l_8.png":{"frame":{"x":384,"y":0,"w":16,"h":16},"spriteSourceSize":{"x":0,"y":0,"w":16,"h":16},"sourceSize":{"w":16,"h":16}},"player_l_9.png":{"frame":{"x":368,"y":0,"w":16,"h":16},"spriteSourceSize":{"x":0,"y":0,"w":16,"h":16},"sourceSize":{"w":16,"h":16}},"player_l_10.png":{"frame":{"x":384,"y":0,"w":16,"h":16},"spriteSourceSize":{"x":0,"y":0,"w":16,"h":16},"sourceSize":{"w":16,"h":16}},"player_l_11.png":{"frame":{"x":400,"y":0,"w":16,"h":16},"spriteSourceSize":{"x":0,"y":0,"w":16,"h":16},"sourceSize":{"w":16,"h":16}},"player_r_4.png":{"frame":{"x":416,"y":0,"w":16,"h":16},"spriteSourceSize":{"x":0,"y":0,"w":16,"h":16},"sourceSize":{"w":16,"h":16}},"player_r_5.png":{"frame":{"x":432,"y":0,"w":16,"h":16},"spriteSourceSize":{"x":0,"y":0,"w":16,"h":16},"sourceSize":{"w":16,"h":16}},"player_r_6.png":{"frame":{"x":448,"y":0,"w":16,"h":16},"spriteSourceSize":{"x":0,"y":0,"w":16,"h":16},"sourceSize":{"w":16,"h":16}},"player_r_7.png":{"frame":{"x":464,"y":0,"w":16,"h":16},"spriteSourceSize":{"x":0,"y":0,"w":16,"h":16},"sourceSize":{"w":16,"h":16}},"tile_0.png":{"frame":{"x":480,"y":0,"w":16,"h":16},"spriteSourceSize":{"x":0,"y":0,"w":16,"h":16},"sourceSize":{"w":16,"h":16}},"tile_1.png":{"frame":{"x":496,"y":0,"w":16,"h":16},"spriteSourceSize":{"x":0,"y":0,"w":16,"h":16},"sourceSize":{"w":16,"h":16}},"tile_2.png":{"frame":{"x":512,"y":0,"w":16,"h":16},"spriteSourceSize":{"x":0,"y":0,"w":16,"h":16},"sourceSize":{"w":16,"h":16}},"tile_3.png":{"frame":{"x":528,"y":0,"w":16,"h":16},"spriteSourceSize":{"x":0,"y":0,"w":16,"h":16},"sourceSize":{"w":16,"h":16}},"tile_4.png":{"frame":{"x":544,"y":0,"w":16,"h":16},"spriteSourceSize":{"x":0,"y":0,"w":16,"h":16},"sourceSize":{"w":16,"h":16}},"uray.png":{"frame":{"x":560,"y":0,"w":16,"h":16},"spriteSourceSize":{"x":0,"y":0,"w":16,"h":16},"sourceSize":{"w":16,"h":16}}},"meta":{"image":"sheet.png","format":"RGBA8888","size":{"w":576,"h":16},"scale":"1"}}