[
    [
        {
            "id" : "0",
            "term" : "term 0"
        },
        {
            "id" : "1",
            "term" : "term 1"
        },
        {
            "id" : "2",
            "term" : "term 2"
        },
        {
            "id" : "3",
            "term" : "term 3"
        }
    ],
    [
        {
            "id" : "4",
            "term" : "term 4"
        },
        {
            "id" : "5",
            "term" : "term 5"
        },
        {
            "id" : "6",
            "term" : "term 6"
        },
        {
            "id" : "7",
            "term" : "term 7"
        }
    ],
    [
        {
            "id" : "8",
            "term" : "term 8"
        },
        {
            "id" : "9",
            "term" : "term 9"
        },
        {
            "id" : "10",
            "term" : "term 10"
        },
        {
            "id" : "11",
            "term" : "term 11"
        }
    ],
    [
        {
            "id" : "12",
            "term" : "term 12"
        },
        {
            "id" : "13",
            "term" : "term 13"
        },
        {
            "id" : "14",
            "term" : "term 14"
        },
        {
            "id" : "15",
            "term" : "term 15"
        }
    ]
]
