{"carCount":2,"carsToWin":2,"startTimeout":8000,"carTimeout":6000,"carSpeed":0.015,"starLimits":[88,93,95],"map":{"width":5,"height":4,"tiles":[[{"roads":{"w":"e","e":"w"},"start":true,"cars":[0]},{"roads":{"w":"s","s":"w"}},{},{},{"roads":{"n":"s","s":"n"},"start":true,"cars":[1]}],[{},{"roads":{"n":"s","s":"n"}},{},{"roads":{"n":"e","e":"n"}},{"roads":{"w":"n","n":"w"}}],[{},{"roads":{"w":"s","s":"w"}},{"roads":{"w":"s","s":"w"}},{"roads":{"w":"s","s":"w"}},{}],[{},{},{"roads":{"n":"s","s":"n"},"end":true},{},{}]]}}