{"carCount":4,"carsToWin":4,"startTimeout":8000,"carTimeout":15000,"carSpeed":0.012,"starLimits":[60,66,70],"map":{"swapTile":{"roads":{"n":"s","s":"n"}},"width":6,"height":5,"tiles":[[{"roads":{"w":"e","e":"w"},"start":true,"cars":[1]},{"roads":{"w":"s","s":"w"}},{},{},{},{}],[{},{"roads":{"w":"s","s":"w"}},{"roads":{"n":"e","e":"n"}},{"roads":{"w":"s","s":"w"},"swappable":true},{"roads":{"w":"s","s":"w"},"swappable":true},{}],[{"roads":{"w":"e","e":"w"},"start":true,"cars":[0,3]},{"roads":{"w":"e","e":"w"}},{"roads":{"w":"s","s":"w"},"swappable":true},{"roads":{"w":"s","s":"w"}},{"roads":{"w":"e","e":"w","n":"s","s":"n"}},{"roads":{"w":"e","e":"w"},"end":true}],[{},{"roads":{"w":"s","s":"w"}},{"roads":{"w":"s","s":"w"}},{"roads":{"w":"s","s":"w"},"swappable":true},{"roads":{"w":"s","s":"w"},"swappable":true},{}],[{"roads":{"w":"e","e":"w"},"start":true,"cars":[3]},{"roads":{"w":"s","s":"w"}},{},{},{},{}]]}}