{"carCount":3,"carsToWin":3,"startTimeout":8000,"carTimeout":5000,"carSpeed":0.015,"starLimits":[75,79,84],"map":{"swapTile":{"roads":{"n":"w","w":"n","s":"e","e":"s"}},"width":6,"height":5,"tiles":[[{"roads":{"n":"s","s":"n"},"start":true,"cars":[0]},{},{"roads":{"w":"s","s":"w"}},{"roads":{"n":"s","s":"n"}},{"roads":{"w":"s","s":"w"}},{}],[{"roads":{"n":"s","s":"n"}},{"roads":{"n":"e","e":"n"},"swappable":true},{"roads":{"n":"s","s":"n"},"swappable":true},{"roads":{"w":"s","s":"w"},"swappable":true},{"roads":{"w":"e","e":"w"}},{}],[{"roads":{"w":"e","e":"w","n":"s","s":"n"},"swappable":true},{"roads":{"w":"s","s":"w"}},{"roads":{"w":"e","e":"w"},"swappable":true},{"roads":{"w":"s","s":"w"},"swappable":true},{"roads":{"n":"e","e":"n"},"swappable":true},{"roads":{"w":"e","e":"w"},"end":true}],[{"roads":{"n":"s","s":"n"}},{"roads":{"n":"s","s":"n"}},{"roads":{"w":"e","e":"w"}},{"roads":{"n":"s","s":"n"}},{},{}],[{"roads":{"n":"s","s":"n"},"start":true,"cars":[1]},{"roads":{"w":"s","s":"w"}},{"roads":{"w":"s","s":"w"}},{"roads":{"w":"s","s":"w"},"swappable":true},{"roads":{"n":"s","s":"n"}},{"roads":{"w":"e","e":"w"},"start":true,"cars":[2]}]]}}